campus,name,grade,type,magnet,open_2026,tract,tract_mhi,tract_opp,enr_2016,enr_2017,enr_2018,enr_2019,enr_2020,enr_2021,enr_2022,enr_2023,enr_2024,enr_2025,enr_2026,first_year,last_year,enr_first,enr_last,change,pct,peak_year,peak_enr,peak_to_last,lon,lat
057905025,SKYLINE H S,09-12,High School,Y,True,48113012207,55520,0.3603,4729,4534,4535,4229,4146,4147,4264,4166,3780,3837,3552,2016,2026,4729,3552,-1177,-24.9,2016,4729,-1177,-96.689761,32.779362
057905352,YOUNG WOMEN'S STEAM ACADEMY AT BALCH SPRINGS MIDDL,06-09,Junior High School,N,True,48113011801,56995,0.3783,1397,1122,1227,1199,1228,1135,1019,869,769,751,639,2016,2026,1397,639,-758,-54.3,2016,1397,-758,-96.638163,32.725891
057905059,L V STOCKARD MIDDLE,06-08,Middle School,N,True,48113006401,69620,0.4127,1319,1211,1156,1137,1148,1090,961,868,758,728,644,2016,2026,1319,644,-675,-51.2,2016,1319,-675,-96.868399,32.722066
057905100,ZAN WESLEY HOLMES JR MIDDLE,06-08,Middle School,N,True,48113010805,52143,0.3711,1141,1096,952,855,757,773,680,644,578,570,505,2016,2026,1141,505,-636,-55.7,2016,1141,-636,-96.867505,32.710851
057905200,JOSEPH J RHOADS LEARNING CENTER,PK,Elementary School,N,True,48113020800,35577,0.3222,720,747,729,642,622,561,95,101,112,105,112,2016,2026,720,112,-608,-84.4,2017,747,-635,-96.748476,32.763587
057905052,PIEDMONT GLOBAL ACADEMY,06-08,Middle School,N,True,48113009101,61011,0.3752,1020,988,1006,1028,983,887,778,784,731,692,419,2016,2026,1020,419,-601,-58.9,2019,1028,-609,-96.689789,32.757923
057905068,RAUL QUINTANILLA SR MIDDLE STEAM ACADEMY,06-08,Middle School,N,True,48113006900,56616,0.4034,1082,1082,1054,691,690,693,623,592,599,556,486,2016,2026,1082,486,-596,-55.1,2016,1082,-596,-96.865647,32.763072
057905044,EDWARD H CARY MIDDLE,,,,False,48113009500,202857,0.5007,586,630,598,590,0,,,,,,,2016,2020,586,0,-586,-100.0,2017,630,-630,-96.847478,32.883004
057905054,THOMAS C MARSH MIDDLE,07-08,Junior High School,N,True,48113009608,123958,0.419,1007,912,917,963,992,942,871,762,712,445,431,2016,2026,1007,431,-576,-57.2,2016,1007,-576,-96.85026,32.912578
057905050,ROBERT T HILL MIDDLE,06-08,Middle School,N,True,48113012900,144375,0.4506,1039,899,894,862,858,872,824,803,786,762,492,2016,2026,1039,492,-547,-52.6,2016,1039,-547,-96.704503,32.85659
057905048,W H GASTON MIDDLE,06-08,Middle School,N,True,48113012400,77606,0.4221,1003,994,979,939,863,789,701,688,717,757,500,2016,2026,1003,500,-503,-50.1,2016,1003,-503,-96.693622,32.826086
057905017,H GRADY SPRUCE H S,09-12,High School,N,True,48113011701,58506,0.3835,1707,1767,1794,1827,1814,1797,1631,1558,1460,1370,1207,2016,2026,1707,1207,-500,-29.3,2019,1827,-620,-96.654224,32.70925
057905159,L L HOTCHKISS EL,PK-08,Elementary School,N,True,48113007809,92727,0.3693,1001,886,754,721,716,651,500,495,522,506,511,2016,2026,1001,511,-490,-49.0,2016,1001,-490,-96.74073,32.858282
057905046,YOUNG MEN'S LEADERSHIP ACADEMY AT FRED F FLORENCE,06-08,Middle School,N,True,48113011901,54906,0.3717,839,958,952,870,790,745,654,559,452,467,379,2016,2026,839,379,-460,-54.8,2017,958,-579,-96.648931,32.740722
057905301,WILMER-HUTCHINS EL,PK-05,Elementary School,N,True,48113016709,46259,0.3794,1026,985,919,954,900,492,547,562,550,563,569,2016,2026,1026,569,-457,-44.5,2016,1026,-457,-96.727553,32.654119
057905058,ALEX W SPENCE TALENTED/GIFTED ACADEMY,06-08,Middle School,Y,True,48113000802,79415,0.3991,832,787,735,713,724,783,680,599,512,486,404,2016,2026,832,404,-428,-51.4,2016,832,-428,-96.787984,32.807845
057905051,JOHN LEWIS SOCIAL JUSTICE ACADEMY AT O W HOLMES,07-08,Junior High School,Y,True,48113008801,41476,0.3449,711,711,806,715,714,665,601,581,348,324,295,2016,2026,711,295,-416,-58.5,2018,806,-511,-96.780073,32.719008
057905145,STEPHEN C FOSTER EL,EE-06,Elementary School,N,True,48113009401,100806,0.3839,824,748,725,689,660,658,675,639,621,604,417,2016,2026,824,417,-407,-49.4,2016,824,-407,-96.85405,32.86975
057905225,DANIEL WEBSTER EL,PK-05,Elementary School,N,True,48113010806,119342,0.3719,762,646,530,447,390,320,340,326,361,395,358,2016,2026,762,358,-404,-53.0,2016,762,-404,-96.861068,32.697049
057905076,HAROLD WENDELL LANG SR MIDDLE,06-08,Middle School,N,True,48113012211,39439,0.3507,1049,906,907,870,928,973,886,814,745,740,646,2016,2026,1049,646,-403,-38.4,2016,1049,-403,-96.686142,32.802018
057905109,W A BLAIR EL,PK-05,Elementary School,N,True,48113011601,48358,0.3509,740,705,669,590,558,466,404,397,403,367,343,2016,2026,740,343,-397,-53.6,2016,740,-397,-96.689257,32.709064
057905045,E B COMSTOCK MIDDLE,06-08,Middle School,N,True,48113009303,57092,0.3956,932,962,846,798,755,759,751,683,655,599,539,2016,2026,932,539,-393,-42.2,2017,962,-423,-96.701507,32.721791
057905043,T W BROWNE MIDDLE,06-08,Middle School,N,True,48113010806,119342,0.3719,864,569,541,571,533,512,492,478,445,491,481,2016,2026,864,481,-383,-44.3,2016,864,-383,-96.875691,32.696315
057905042,JUDGE LOUIS A BEDFORD JR LAW ACADEMY,06-08,Middle School,Y,True,48113011003,59677,0.3669,714,903,819,785,796,689,640,559,522,509,333,2016,2026,714,333,-381,-53.4,2017,903,-570,-96.843285,32.677139
057905205,CLINTON P RUSSELL EL,PK-05,Elementary School,N,True,48113005600,58058,0.3801,781,726,732,672,647,593,565,558,526,461,407,2016,2026,781,407,-374,-47.9,2016,781,-374,-96.823578,32.709237
057905116,DAVID G BURNET EL,PK-06,Elementary School,N,True,48113009803,93100,0.4043,973,728,702,644,623,613,623,631,627,631,613,2016,2026,973,613,-360,-37.0,2016,973,-360,-96.868753,32.87641
057905005,MOISES E MOLINA H S,09-12,High School,N,True,48113010704,42530,0.392,2089,2123,2221,2254,2260,2155,2131,2074,2017,2006,1736,2016,2026,2089,1736,-353,-16.9,2020,2260,-524,-96.910655,32.723278
057905168,OBADIAH KNIGHT EL,PK-05,Elementary School,N,True,48113000410,44936,0.4233,578,558,511,459,451,385,332,317,291,279,230,2016,2026,578,230,-348,-60.2,2016,578,-348,-96.851486,32.836508
057905021,W T WHITE H S,09-12,High School,N,True,48113009603,152188,0.4382,2292,2261,2230,2207,2096,2060,2089,2149,2074,2204,1945,2016,2026,2292,1945,-347,-15.1,2016,2292,-347,-96.830934,32.916516
057905271,JULIAN T SALDIVAR EL,PK-06,Elementary School,N,True,48113007204,53708,0.3628,956,741,724,665,845,835,842,786,771,755,622,2016,2026,956,622,-334,-34.9,2016,956,-334,-96.873223,32.864852
057905008,JUSTIN F KIMBALL H S,09-12,High School,Y,True,48113010806,119342,0.3719,1480,1505,1454,1445,1413,1436,1315,1192,1255,1175,1152,2016,2026,1480,1152,-328,-22.2,2017,1505,-353,-96.877135,32.699719
057905353,ANN RICHARDS STEAM ACADEMY,06-08,Middle School,N,True,48113012102,62237,0.3764,1239,1302,1324,1322,1336,1210,1251,1174,1094,1010,919,2016,2026,1239,919,-320,-25.8,2020,1336,-417,-96.66637,32.769929
057905060,BOUDE STOREY MIDDLE,06-08,Middle School,N,True,48113005600,58058,0.3801,603,561,589,528,500,535,477,445,412,379,293,2016,2026,603,293,-310,-51.4,2016,603,-310,-96.812418,32.708694
057905079,FRANCISCO PANCHO MEDRANO J H,07-08,Junior High School,N,True,48113009803,93100,0.4043,909,953,962,943,1224,846,815,717,680,669,600,2016,2026,909,600,-309,-34.0,2020,1224,-624,-96.876123,32.872332
057905202,ORAN M ROBERTS EL,PK-05,Elementary School,N,True,48113002500,45167,0.3853,652,609,588,565,511,447,413,349,349,340,346,2016,2026,652,346,-306,-46.9,2016,652,-306,-96.75363,32.788702
057905049,W E GREINER EXPLORATORY ARTS ACADEMY,06-08,Middle School,Y,True,48113005200,86853,0.4129,1511,1631,1721,1796,1796,1685,1504,1279,1153,1116,1206,2016,2026,1511,1206,-305,-20.2,2019,1796,-590,-96.844767,32.740331
057905101,JOHN Q ADAMS EL,PK-05,Elementary School,N,True,48113009203,59052,0.3864,769,749,749,724,661,553,504,452,381,399,466,2016,2026,769,466,-303,-39.4,2016,769,-303,-96.679449,32.734795
057905188,MOUNT AUBURN STEAM ACADEMY,EE-05,Elementary School,N,True,48113001202,73462,0.3689,732,707,644,580,549,509,516,540,533,548,434,2016,2026,732,434,-298,-40.7,2016,732,-298,-96.743876,32.796121
057905218,GEORGE W TRUETT EL,EE-05,Elementary School,N,True,48113012301,60317,0.3977,1125,1156,1193,1103,1070,916,889,901,950,987,828,2016,2026,1125,828,-297,-26.4,2018,1193,-365,-96.683813,32.815746
057905117,RUFUS C BURLESON EL,PK-05,Elementary School,N,True,48113009304,33786,0.3464,740,733,684,619,561,517,453,506,513,472,459,2016,2026,740,459,-281,-38.0,2016,740,-281,-96.713031,32.719395
057905237,JOHN W RUNYON EL,PK-05,Elementary School,N,True,48113011902,64167,0.3717,721,687,609,553,553,488,482,434,436,417,441,2016,2026,721,441,-280,-38.8,2016,721,-280,-96.640862,32.740947
057905234,HENRY B GONZALEZ PERSONALIZED LEARNING ACADEMY,PK-05,Elementary School,N,True,48113009301,64255,0.4045,741,677,657,621,625,568,585,566,521,513,462,2016,2026,741,462,-279,-37.7,2016,741,-279,-96.706862,32.733401
057905129,S S CONNER EL,EE-05,Elementary School,N,True,48113012210,46376,0.3448,763,698,631,586,625,603,621,620,582,557,489,2016,2026,763,489,-274,-35.9,2016,763,-274,-96.695046,32.808082
057905053,J L LONG MIDDLE,06-08,Middle School,N,True,48113001301,93398,0.4146,1287,1362,1480,1474,1456,1309,1196,1127,1094,1079,1027,2016,2026,1287,1027,-260,-20.2,2018,1480,-453,-96.749308,32.807032
057905287,CELESTINO MAURICIO SOTO JR EL,PK-05,Elementary School,N,True,48113006701,54505,0.4294,670,612,588,540,526,481,476,471,434,444,417,2016,2026,670,417,-253,-37.8,2016,670,-253,-96.894574,32.736082
057905209,ASCHER SILBERSTEIN EL,PK-05,Elementary School,N,True,48113008402,64333,0.3938,813,786,738,704,648,580,557,486,525,545,563,2016,2026,813,563,-250,-30.8,2016,813,-250,-96.719843,32.767656
057905182,MARCUS LEADERSHIP ACADEMY,PK-06,Elementary School,N,True,48113009611,83270,0.4186,938,840,780,744,723,637,636,644,637,718,692,2016,2026,938,692,-246,-26.2,2016,938,-246,-96.87995,32.904438
057905014,W W SAMUELL H S,09-12,High School,N,True,48113009204,50773,0.3864,1759,1871,1945,1942,1933,1940,1875,1871,1878,1709,1514,2016,2026,1759,1514,-245,-13.9,2018,1945,-431,-96.667731,32.745573
057905190,GEORGE PEABODY EL,PK-06,Elementary School,N,True,48113004500,63500,0.3983,554,539,535,529,484,416,374,359,296,318,310,2016,2026,554,310,-244,-44.0,2016,554,-244,-96.872064,32.743018
057905247,ADELFA BOTELLO CALLEJO EL,EE-05,Elementary School,N,True,48113008500,52423,0.3951,713,669,663,606,596,521,522,542,500,496,470,2016,2026,713,470,-243,-34.1,2016,713,-243,-96.685765,32.771738
057905062,BILLY EARL DADE MIDDLE,06-08,Middle School,N,True,48113020300,47372,0.3123,803,894,894,879,827,822,741,636,643,599,564,2016,2026,803,564,-239,-29.8,2017,894,-330,-96.773586,32.770961
057905007,THOMAS JEFFERSON H S,09-12,High School,N,True,48113009500,202857,0.5007,1733,1702,1703,1723,1867,1606,1462,1452,1478,1516,1495,2016,2026,1733,1495,-238,-13.7,2020,1867,-372,-96.844469,32.881256
057905104,WILLIAM M ANDERSON EL,PK-05,Elementary School,N,True,48113011802,44976,0.3783,786,767,680,678,634,561,520,504,530,573,552,2016,2026,786,552,-234,-29.8,2016,786,-234,-96.656026,32.722295
057905303,THELMA ELIZABETH PAGE RICHARDSON EL,PK-05,Elementary School,N,True,48113009101,61011,0.3752,732,712,701,693,630,537,503,506,499,497,499,2016,2026,732,499,-233,-31.8,2016,732,-233,-96.694748,32.749541
057905354,ROYCE WEST LEADERSHIP SCHOOL,06-08,Middle School,N,True,48113016710,61894,0.3197,763,806,743,762,734,716,659,626,605,578,545,2016,2026,763,545,-218,-28.6,2017,806,-261,-96.758696,32.661499
057905055,THOMAS J RUSK MIDDLE,06-08,Middle School,N,True,48113000409,69398,0.4233,563,621,647,648,582,575,517,443,378,373,346,2016,2026,563,346,-217,-38.5,2019,648,-302,-96.833517,32.824837
057905047,BENJAMIN FRANKLIN INTERNATIONAL EXPLORATORY ACAD,06-08,Middle School,N,True,48113013102,163214,0.4964,997,966,1035,1103,1338,1073,975,878,829,808,784,2016,2026,997,784,-213,-21.4,2020,1338,-554,-96.785249,32.886198
057905112,JAMES BOWIE EL,PK-05,Elementary School,N,True,48113002002,46291,0.3922,505,496,523,468,413,343,332,345,317,317,293,2016,2026,505,293,-212,-42.0,2018,523,-230,-96.8152,32.752274
057905144,TOM W FIELD EL,,,,False,48113009900,83482,0.385,436,283,263,224,,,,,,,,2016,2019,436,224,-212,-48.6,2016,436,-212,-96.905904,32.89606
057905284,PERSONALIZED LEARNING ACADEMY AT HIGHLAND MEADOWS,EE-05,Elementary School,N,True,48113013010,40125,0.3662,854,811,760,797,772,688,712,713,647,676,642,2016,2026,854,642,-212,-24.8,2016,854,-212,-96.68761,32.870851
057905187,NANCY MOSELEY EL,EE-05,Elementary School,N,True,48113011604,62392,0.3922,795,742,772,752,725,673,656,618,663,610,584,2016,2026,795,584,-211,-26.5,2016,795,-211,-96.641019,32.6895
057905166,EDWIN J KIEST EL,PK-05,Elementary School,N,True,48113012502,58068,0.4345,722,734,737,716,699,653,621,574,550,535,513,2016,2026,722,513,-209,-28.9,2018,737,-224,-96.670627,32.825497
057905239,ARTURO SALAZAR EL,PK-05,Elementary School,N,True,48113005300,68424,0.4105,634,630,614,557,512,466,431,409,400,424,430,2016,2026,634,430,-204,-32.2,2016,634,-204,-96.868218,32.733402
057905215,OTTO M FRIDIA EL,EE-05,Elementary School,N,True,48113011300,49643,0.3481,435,427,372,298,250,224,202,197,177,212,235,2016,2026,435,235,-200,-46.0,2016,435,-200,-96.797446,32.674583
057905232,BUCKNER TERRACE MONTESSORI,PK-05,Elementary School,N,True,48113012206,103036,0.3839,512,504,501,459,418,380,365,345,316,307,314,2016,2026,512,314,-198,-38.7,2016,512,-198,-96.706701,32.785024
057905274,MARY MCLEOD BETHUNE EL,PK-05,Elementary School,N,True,48113010704,42530,0.392,760,722,742,706,664,577,576,565,538,538,562,2016,2026,760,562,-198,-26.1,2016,760,-198,-96.90934,32.726636
057905002,W H ADAMSON H S,09-12,High School,N,True,48113004800,51406,0.3936,1515,1480,1480,1620,1619,1558,1497,1482,1398,1353,1318,2016,2026,1515,1318,-197,-13.0,2019,1620,-302,-96.820422,32.748534
057905210,LESLIE A STEMMONS EL,PK-05,Elementary School,N,True,48113010808,47393,0.4214,758,754,746,711,679,627,617,597,603,603,561,2016,2026,758,561,-197,-26.0,2016,758,-197,-96.900677,32.716018
057905152,MARGARET B HENDERSON EL,PK-05,Elementary School,N,True,48113006302,83827,0.4099,512,505,487,456,441,375,361,352,347,337,317,2016,2026,512,317,-195,-38.1,2016,512,-195,-96.843464,32.723774
057905069,SEAGOVILLE MIDDLE,06-08,Middle School,N,True,48113017010,73907,0.4179,1193,1283,1363,1380,1462,1437,1472,1419,1297,1063,1000,2016,2026,1193,1000,-193,-16.2,2022,1472,-472,-96.583717,32.681504
057905164,ANSON JONES EL,EE-06,Elementary School,N,True,48113006701,54505,0.4294,675,630,603,659,614,568,510,497,526,539,484,2016,2026,675,484,-191,-28.3,2016,675,-191,-96.884455,32.742683
057905155,C A TATUM JR EL,PK-05,Elementary School,N,True,48113012101,46483,0.3764,608,583,514,467,440,410,429,391,417,415,418,2016,2026,608,418,-190,-31.2,2016,608,-190,-96.656182,32.763403
057905119,CHAPEL HILL PREPARATORY-A PERSONALIZED LRNING SCH,PK-06,Elementary School,N,True,48113013804,92361,0.4294,568,558,512,474,470,402,417,371,347,404,380,2016,2026,568,380,-188,-33.1,2016,568,-188,-96.865776,32.918832
057905250,WHITNEY M YOUNG JR EL,PK-05,Elementary School,N,True,48113008704,17442,0.3277,567,543,531,437,408,362,360,313,368,371,379,2016,2026,567,379,-188,-33.2,2016,567,-188,-96.786135,32.696308
057905037,ROSIE SORRELLS EDUCATION AND SOCIAL SERVICES H S,09-12,High School,Y,True,48113021000,45344,0.3457,323,333,331,306,268,237,213,179,171,168,135,2016,2026,323,135,-188,-58.2,2017,333,-198,-96.806882,32.752207
057905278,LEONIDES GONZALEZ CIGARROA MD EL,PK-06,Elementary School,N,True,48113009802,56923,0.4099,665,583,562,534,519,526,577,584,548,528,479,2016,2026,665,479,-186,-28.0,2016,665,-186,-96.864864,32.880205
057905264,RONALD E MCNAIR EL,PK-05,Elementary School,N,True,48113010906,58680,0.3449,693,658,602,600,561,448,422,477,457,500,512,2016,2026,693,512,-181,-26.1,2016,693,-181,-96.863418,32.656114
057905358,BARBARA M MANNS EDUCATION CENTER,,,,False,48113005600,58058,0.3801,258,79,,,,,,,,,,2016,2017,258,79,-179,-69.4,2016,258,-179,-96.824115,32.704139
057905233,NATHAN ADAMS EL,PK-06,Elementary School,N,True,48113009603,152188,0.4382,549,546,506,477,435,389,427,393,366,435,372,2016,2026,549,372,-177,-32.2,2016,549,-177,-96.828324,32.921632
057905199,REINHARDT EL,PK-05,Elementary School,N,True,48113008200,80556,0.4206,641,587,565,515,505,471,443,429,429,431,465,2016,2026,641,465,-176,-27.5,2016,641,-176,-96.692022,32.837301
057905077,HECTOR P GARCIA MIDDLE,06-08,Middle School,N,True,48113004800,51406,0.3936,835,791,764,781,773,690,620,595,565,621,664,2016,2026,835,664,-171,-20.5,2016,835,-171,-96.813956,32.750592
057905032,JAMES MADISON H S,09-12,High School,N,True,48113020300,47372,0.3123,447,479,470,490,490,501,416,359,388,349,279,2016,2026,447,279,-168,-37.6,2021,501,-222,-96.764876,32.77131
057905170,RICHARD LAGOW EL,EE-05,Elementary School,N,True,48113011702,57607,0.3994,528,581,509,538,535,491,494,440,435,415,364,2016,2026,528,364,-164,-31.1,2017,581,-217,-96.636404,32.701962
057905175,UMPHREY LEE EL,PK-05,Elementary School,N,True,48113011104,42344,0.3534,587,593,579,483,460,424,408,394,431,447,424,2016,2026,587,424,-163,-27.8,2017,593,-169,-96.835659,32.653109
057905108,BAYLES EL,PK-05,Elementary School,N,True,48113012213,87417,0.3896,606,549,545,491,481,389,391,409,404,392,444,2016,2026,606,444,-162,-26.7,2016,606,-162,-96.706937,32.800919
057905120,F P CAILLET EL,EE-06,Elementary School,N,True,48113009701,78365,0.4207,702,701,677,668,647,586,582,552,529,552,540,2016,2026,702,540,-162,-23.1,2016,702,-162,-96.874461,32.888449
057905133,BARBARA JORDAN EL,PK-05,Elementary School,N,True,48113006301,69562,0.4223,665,588,613,624,521,441,445,454,479,492,507,2016,2026,665,507,-158,-23.8,2016,665,-158,-96.841106,32.706298
057905216,EDWARD TITCHE EL,PK-05,Elementary School,N,True,48113012000,36948,0.359,837,792,688,659,774,682,693,678,702,676,679,2016,2026,837,679,-158,-18.9,2016,837,-158,-96.658184,32.755079
057905147,CHARLES A GILL EL,PK-05,Elementary School,N,True,48113012603,102155,0.4204,825,796,892,790,720,658,617,587,612,630,671,2016,2026,825,671,-154,-18.7,2018,892,-221,-96.661429,32.84462
057905105,ARCADIA PARK EL,PK-06,Elementary School,N,True,48113010701,48225,0.4104,695,627,652,700,676,622,606,571,610,568,546,2016,2026,695,546,-149,-21.4,2019,700,-154,-96.910211,32.759211
057905177,WILLIAM LIPSCOMB EL,PK-05,Elementary School,N,True,48113001301,93398,0.4146,521,509,511,451,462,402,412,434,410,387,378,2016,2026,521,378,-143,-27.4,2016,521,-143,-96.756921,32.807036
057905185,WILLIAM B MILLER EL,PK-06,Elementary School,N,True,48113008801,41476,0.3449,391,360,360,292,290,242,254,239,260,286,250,2016,2026,391,250,-141,-36.1,2016,391,-141,-96.780073,32.719008
057905136,L O DONALD EL,PK-05,Elementary School,N,True,48113006501,76477,0.4151,427,428,411,431,403,378,335,327,325,324,289,2016,2026,427,289,-138,-32.3,2019,431,-142,-96.886701,32.732299
057905158,LIDA HOOE EL,PK-05,Elementary School,N,True,48113005300,68424,0.4105,430,436,418,422,425,377,389,345,340,310,292,2016,2026,430,292,-138,-32.1,2017,436,-144,-96.857379,32.740845
057905056,EWELL D WALKER MIDDLE,07-08,Junior High School,N,True,48113009604,47083,0.4378,749,738,761,738,743,710,782,830,871,577,611,2016,2026,749,611,-138,-18.4,2024,871,-260,-96.810114,32.919871
057905121,JOHN W CARPENTER EL,PK-05,Elementary School,N,True,48113006100,56962,0.3454,339,324,380,307,278,236,210,184,189,208,202,2016,2026,339,202,-137,-40.4,2018,380,-178,-96.853163,32.695226
057905229,WINNETKA EL,PK-05,Elementary School,N,True,48113005100,64421,0.3958,823,839,820,884,841,774,759,759,704,693,686,2016,2026,823,686,-137,-16.6,2019,884,-198,-96.844958,32.734691
057905197,BISHOP ARTS STEAM ACADEMY,PK-05,Elementary School,N,True,48113004700,82917,0.3933,418,385,359,345,309,280,275,295,327,349,282,2016,2026,418,282,-136,-32.5,2016,418,-136,-96.830999,32.74681
057905283,ESPERANZA MEDRANO EL,PK-05,Elementary School,N,True,48113000401,58232,0.3884,506,465,398,395,363,343,347,324,357,349,371,2016,2026,506,371,-135,-26.7,2016,506,-135,-96.826531,32.808798
057905281,CESAR CHAVEZ LEARNING CENTER,PK-05,Elementary School,N,True,48113000801,74670,0.3991,547,482,470,690,680,593,581,558,545,541,417,2016,2026,547,417,-130,-23.8,2019,690,-273,-96.780708,32.803578
057905130,LEILA P COWART EL,EE-05,Elementary School,N,True,48113006402,52782,0.4092,613,595,578,577,585,533,548,559,515,515,486,2016,2026,613,486,-127,-20.7,2016,613,-127,-96.86986,32.72793
057905276,GILBERT CUELLAR SR EL,EE-05,Elementary School,N,True,48113011702,57607,0.3994,681,745,722,718,700,639,630,666,691,715,554,2016,2026,681,554,-127,-18.6,2017,745,-191,-96.643159,32.717226
057905115,HARRELL BUDD EL,PK-06,Elementary School,N,True,48113005400,47047,0.378,508,475,488,487,515,447,455,405,450,457,382,2016,2026,508,382,-126,-24.8,2020,515,-133,-96.814909,32.721944
057905222,URBAN PARK STEAM ACADEMY,PK-05,Elementary School,N,True,48113008402,64333,0.3938,605,590,627,607,566,559,529,512,522,507,480,2016,2026,605,480,-125,-20.7,2018,627,-147,-96.701523,32.77391
057905277,THOMAS TOLBERT EL,PK-05,Elementary School,N,True,48113010807,53683,0.3719,467,553,536,485,459,375,368,311,302,335,343,2016,2026,467,343,-124,-26.6,2017,553,-210,-96.888157,32.69947
057905189,CLARA OLIVER EL,PK-05,Elementary School,N,True,48113005901,50917,0.3443,361,334,311,274,262,240,214,204,204,251,246,2016,2026,361,246,-115,-31.9,2016,361,-115,-96.811326,32.69543
057905280,ANNE FRANK EL,EE-05,Elementary School,N,True,48113013624,80536,0.4587,1166,1089,1145,1119,1178,1041,1140,1088,1093,1119,1052,2016,2026,1166,1052,-114,-9.8,2020,1178,-126,-96.817886,32.947559
057905131,IGNACIO ZARAGOZA EL,PK-05,Elementary School,N,True,48113001502,49663,0.3671,371,376,327,336,351,322,309,292,285,292,260,2016,2026,371,260,-111,-29.9,2017,376,-116,-96.770911,32.795363
057905180,B H MACON EL,PK-05,Elementary School,N,True,48113009202,48497,0.3839,555,541,528,540,486,475,503,507,501,535,444,2016,2026,555,444,-111,-20.0,2016,555,-111,-96.673253,32.722778
057905125,CASA VIEW EL,EE-05,Elementary School,N,True,48113012701,60776,0.4382,711,723,715,691,672,587,614,621,590,530,601,2016,2026,711,601,-110,-15.5,2017,723,-122,-96.676023,32.845699
057905272,MARIA MORENO STEAM ACADEMY,EE-05,Elementary School,N,True,48113010804,37841,0.3795,422,437,445,405,393,353,338,356,339,344,313,2016,2026,422,313,-109,-25.8,2018,445,-132,-96.857607,32.724182
057905103,GABE P ALLEN NEW TECH ACADEMY,PK-06,Elementary School,N,True,48113010601,65769,0.4149,490,478,471,503,462,408,399,345,375,395,384,2016,2026,490,384,-106,-21.6,2019,503,-119,-96.907672,32.781804
057905273,PLEASANT GROVE EL,PK-05,Elementary School,N,True,48113011901,54906,0.3717,540,547,555,536,507,458,450,469,460,417,435,2016,2026,540,435,-105,-19.4,2018,555,-120,-96.655812,32.738365
057905176,JACK LOWE SR EL,EE-05,Elementary School,N,True,48113007815,40316,0.3814,616,674,619,621,594,550,556,526,549,530,511,2016,2026,616,511,-105,-17.0,2017,674,-163,-96.761312,32.872885
057905154,LARRY G SMITH EL,PK-05,Elementary School,N,True,48113012501,91189,0.4345,755,769,776,802,834,763,773,740,753,681,651,2016,2026,755,651,-104,-13.8,2020,834,-183,-96.659126,32.833282
057905235,BIRDIE ALEXANDER EL,EE-05,Elementary School,N,True,48113011101,67964,0.3572,403,414,373,343,341,294,291,252,243,259,301,2016,2026,403,301,-102,-25.3,2017,414,-113,-96.847861,32.656409
057905137,JULIUS DORSEY LEADERSHIP ACADEMY,PK-05,Elementary School,N,True,48113011701,58506,0.3835,544,556,508,456,466,422,394,408,395,458,450,2016,2026,544,450,-94,-17.3,2017,556,-106,-96.657423,32.713077
057905266,FREDERICK DOUGLASS EL,EE-05,Elementary School,N,True,48113009304,33786,0.3464,517,492,481,536,476,473,423,424,429,453,428,2016,2026,517,428,-89,-17.2,2019,536,-108,-96.699184,32.715593
057905083,SAM TASBY MIDDLE,06-08,Middle School,N,True,48113007815,40316,0.3814,837,957,969,919,916,854,771,709,669,752,749,2016,2026,837,749,-88,-10.5,2018,969,-220,-96.760334,32.872057
057905201,CHARLES RICE LEARNING CENTER,EE-05,Elementary School,N,True,48113020800,35577,0.3222,537,553,511,542,538,466,470,433,445,427,450,2016,2026,537,450,-87,-16.2,2017,553,-103,-96.761667,32.756133
057905219,ADELLE TURNER EL,PK-05,Elementary School,N,True,48113011003,59677,0.3669,357,326,292,255,268,289,297,285,272,258,270,2016,2026,357,270,-87,-24.4,2016,357,-87,-96.840868,32.679376
057905268,JOHN F KENNEDY LEARNING CENTER,,,,False,48113000902,82773,0.3738,413,391,326,,,,,,,,,2016,2018,413,326,-87,-21.1,2016,413,-87,-96.774279,32.809831
057905193,JOHN J PERSHING EL,PK-05,Elementary School,N,True,48113007605,211023,0.4802,547,553,517,460,460,405,394,381,434,457,461,2016,2026,547,461,-86,-15.7,2017,553,-92,-96.809839,32.887019
057905149,HALL PERSONALIZED LEARNING ACADEMY AT OAK CLIFF,PK-05,Elementary School,N,True,48113006502,74450,0.439,536,520,504,506,487,427,432,427,424,443,451,2016,2026,536,451,-85,-15.9,2016,536,-85,-96.881416,32.722316
057905099,HOSPITAL/HOMEBOUND,EE KG-12,Elementary/Secondary,N,False,48113020402,93842,0.3844,114,96,72,92,90,56,54,39,23,29,,2016,2025,114,29,-85,-74.6,2016,114,-85,-96.793379,32.775305
057905196,J W RAY LEARNING CENTER,,,,False,48113001601,49750,0.386,310,243,226,,,,,,,,,2016,2018,310,226,-84,-27.1,2016,310,-84,-96.789337,32.801731
057905181,MAPLE LAWN EL,PK-05,Elementary School,N,True,48113000610,47210,0.3766,538,463,447,683,636,521,552,502,478,511,458,2016,2026,538,458,-80,-14.9,2019,683,-225,-96.829579,32.826233
057905169,ARTHUR KRAMER EL,EE-05,Elementary School,N,True,48113013101,233068,0.4085,498,566,615,628,628,501,474,454,442,399,418,2016,2026,498,418,-80,-16.1,2019,628,-210,-96.783571,32.90162
057905554,ILEARN VIRTUAL ACADEMY AT DALLAS ISD,03-08,Elementary School,N,False,48113001502,49663,0.3671,,,,,,,,112,52,32,,2023,2025,112,32,-80,-71.4,2023,112,-80,-96.773328,32.791257
057905122,C F CARR EL,PK-06,Elementary School,N,True,48113010101,45051,0.34,334,329,559,339,309,273,284,281,268,259,260,2016,2026,334,260,-74,-22.2,2018,559,-299,-96.852379,32.787886
057905183,THOMAS L MARSALIS EL STEAM ACADEMY,EE-05,Elementary School,N,True,48113011202,63661,0.355,474,482,545,476,459,415,415,444,426,392,400,2016,2026,474,400,-74,-15.6,2018,545,-145,-96.814115,32.678094
057905023,DAVID W CARTER H S,09-12,High School,N,True,48113011101,67964,0.3572,982,1142,1135,1181,1114,1098,1129,1082,1054,1097,909,2016,2026,982,909,-73,-7.4,2019,1181,-272,-96.848632,32.64813
057905275,LOUISE WOLFF KAHN EL,PK-06,Elementary School,N,True,48113006800,62134,0.402,585,569,555,643,630,602,574,531,536,533,512,2016,2026,585,512,-73,-12.5,2019,643,-131,-96.859271,32.750795
057905380,WILMER-HUTCHINS H S,09-12,High School,N,True,48113016709,46259,0.3794,789,818,857,914,966,985,998,1020,949,921,717,2016,2026,789,717,-72,-9.1,2023,1020,-303,-96.729732,32.655714
057905220,MARK TWAIN SCHOOL FOR THE TALENTED AND GIFTED,KG-08,Elementary School,Y,True,48113011002,65789,0.3688,327,287,299,253,217,183,158,206,241,244,256,2016,2026,327,256,-71,-21.7,2016,327,-71,-96.833877,32.684285
057905226,MARTIN WEISS EL,PK-05,Elementary School,N,True,48113011104,42344,0.3534,517,548,523,509,526,453,447,467,446,427,448,2016,2026,517,448,-69,-13.3,2017,548,-100,-96.829744,32.643558
057905107,JOSE 'JOE' MAY EL,EE-06,Elementary School,N,True,48113009804,42756,0.3773,,692,684,675,827,795,755,732,756,746,627,2017,2026,692,627,-65,-9.4,2020,827,-200,-96.874523,32.872237
057905228,SUDIE L WILLIAMS EL,,,,False,48113007302,242870,0.4139,279,272,215,,,,,,,,,2016,2018,279,215,-64,-22.9,2016,279,-64,-96.831448,32.855142
057905195,PRESTON HOLLOW EL,PK-05,Elementary School,N,True,48113007604,250001,0.3932,453,476,500,449,429,419,452,400,398,402,390,2016,2026,453,390,-63,-13.9,2018,500,-110,-96.79547,32.880415
057905194,K B POLK CENTER FOR ACADEMICALLY TALENTED & GIFTED,PK-08,Elementary School,Y,True,48113007102,71068,0.383,459,406,348,409,422,392,444,412,397,427,400,2016,2026,459,400,-59,-12.9,2016,459,-59,-96.831541,32.842939
057905033,MARVIN E ROBINSON SCHOOL OF BUSINESS AND MGMT,09-12,High School,Y,True,48113021000,45344,0.3457,521,506,491,505,493,497,484,447,469,476,463,2016,2026,521,463,-58,-11.1,2016,521,-58,-96.806882,32.752207
057905236,NANCY J COCHRAN EL,PK-05,Elementary School,N,True,48113021200,61017,0.4256,531,521,529,505,479,402,425,405,414,455,475,2016,2026,531,475,-56,-10.5,2016,531,-56,-96.925174,32.73606
057905124,GEORGE W CARVER CREATIVE ARTS LEARNING CENTER,,,,False,48113020500,32907,0.3696,414,362,,,,,,,,,,2016,2017,414,362,-52,-12.6,2016,414,-52,-96.86544,32.787604
057905161,SYLVIA MENDEZ CREW LEADERSHIP ACADEMY,PK-05,Elementary School,N,True,48113009103,50927,0.388,521,521,527,495,486,446,476,467,443,446,469,2016,2026,521,469,-52,-10.0,2018,527,-58,-96.700756,32.739266
057905036,SCHOOL OF HEALTH PROFESSIONS,09-12,High School,Y,True,48113021000,45344,0.3457,552,549,546,549,500,505,488,465,491,497,502,2016,2026,552,502,-50,-9.1,2016,552,-50,-96.806882,32.752207
057905263,J P STARKS EL,PK-08,Elementary School,Y,True,48113021100,26522,0.3451,324,348,312,347,305,296,241,225,227,255,277,2016,2026,324,277,-47,-14.5,2017,348,-71,-96.774059,32.721964
057905172,JIMMIE TYLER BRASHEAR EL,PK-05,Elementary School,N,True,48113010804,37841,0.3795,674,665,651,669,697,646,647,601,605,598,627,2016,2026,674,627,-47,-7.0,2020,697,-70,-96.857685,32.71259
057905114,JOHN NEELY BRYAN EL,PK-06,Elementary School,N,True,48113008802,32480,0.3326,507,449,414,391,354,357,376,379,435,454,463,2016,2026,507,463,-44,-8.7,2016,507,-44,-96.794861,32.711129
057905162,MOCKINGBIRD EL,KG-05,Elementary School,N,True,48113000202,147708,0.4537,613,622,651,670,704,667,657,673,651,630,571,2016,2026,613,571,-42,-6.9,2020,704,-133,-96.766771,32.836046
057905192,JOHN F PEELER EL,PK-05,Elementary School,N,True,48113005000,51330,0.4069,389,339,323,273,275,273,263,336,335,353,349,2016,2026,389,349,-40,-10.3,2016,389,-40,-96.831819,32.738148
057905024,NORTH DALLAS H S,09-12,High School,N,True,48113000703,116250,0.4086,1207,1060,1054,1060,1131,1194,1202,1261,1276,1300,1170,2016,2026,1207,1170,-37,-3.1,2025,1300,-130,-96.79512,32.810317
057905198,MARTHA TURNER REILLY EL,PK-05,Elementary School,N,True,48113012802,130000,0.4114,560,540,581,553,556,492,504,494,477,547,524,2016,2026,560,524,-36,-6.4,2018,581,-57,-96.688294,32.855369
057905030,MAYA ANGELOU H S,06-12,Elementary/Secondary,N,False,48113005600,58058,0.3801,36,17,24,18,13,11,11,9,0,,,2016,2024,36,0,-36,-100.0,2016,36,-36,-96.824027,32.704096
057905156,NATHANIEL HAWTHORNE EL,EE-05,Elementary School,N,True,48113009105,61804,0.4025,483,495,482,474,468,392,392,420,428,434,448,2016,2026,483,448,-35,-7.2,2017,495,-47,-96.688254,32.742382
057905260,LORENZO DE ZAVALA EL,PK-06,Elementary School,N,True,48113010102,58953,0.3982,384,423,409,442,480,466,448,442,384,369,350,2016,2026,384,350,-34,-8.9,2020,480,-130,-96.838762,32.780981
057905085,KATHLYN JOY GILLIAM COLLEGIATE ACADEMY,09-12,High School,N,True,48113011300,49643,0.3481,380,364,346,373,373,396,353,344,337,342,346,2016,2026,380,346,-34,-8.9,2021,396,-50,-96.794473,32.662706
057905211,STEVENS PARK EL,PK-06,Elementary School,N,True,48113006900,56616,0.4034,685,673,657,710,704,655,657,640,646,631,653,2016,2026,685,653,-32,-4.7,2019,710,-57,-96.864798,32.760087
057905203,DAN D ROGERS EL,PK-05,Elementary School,N,True,48113007902,102257,0.4135,503,514,503,507,502,494,460,428,434,450,476,2016,2026,503,476,-27,-5.4,2017,514,-38,-96.752299,32.851556
057905269,ONESIMO HERNANDEZ EL,,,,False,48113000401,58232,0.3884,349,355,322,,,,,,,,,2016,2018,349,322,-27,-7.7,2017,355,-33,-96.836457,32.819933
057905286,LEE A MCSHAN JR EL,PK-05,Elementary School,N,True,48113007823,75386,0.3596,683,692,641,715,683,560,534,567,592,670,658,2016,2026,683,658,-25,-3.7,2019,715,-57,-96.761643,32.887683
057905003,NEW TECH H S AT B F DARRELL H S,09-12,High School,N,True,48113008704,17442,0.3277,433,394,363,271,269,321,368,441,428,407,412,2016,2026,433,412,-21,-4.8,2023,441,-29,-96.790989,32.691528
057905018,SUNSET H S,09-12,High School,N,True,48113005200,86853,0.4129,2048,1966,1983,2026,2026,2078,2159,2187,2147,2164,2027,2016,2026,2048,2027,-21,-1.0,2023,2187,-160,-96.854264,32.746383
057905178,H I HOLLAND EL AT LISBON,EE-05,Elementary School,N,True,48113005700,36724,0.326,353,383,412,401,418,379,396,394,346,361,337,2016,2026,353,337,-16,-4.5,2020,418,-81,-96.795615,32.697566
057905140,AMELIA EARHART LEARNING CENTER,,,,False,48113010500,56904,0.3448,181,166,,,,,,,,,,2016,2017,181,166,-15,-8.3,2016,181,-15,-96.874809,32.785138
057905357,BARACK OBAMA MALE LEADERSHIP ACA AT BF DARRELL MID,,,,False,48113008704,17442,0.3277,242,247,228,,,,,,,,,2016,2018,242,228,-14,-5.8,2017,247,-19,-96.790989,32.691528
057905163,CEDAR CREST EL,PK-06,Elementary School,N,True,48113021100,26522,0.3451,482,443,410,354,370,356,365,321,373,457,469,2016,2026,482,469,-13,-2.7,2016,482,-13,-96.79295,32.738065
057905285,N W HARLLEE EARLY CHILDHOOD CENTER,EE-02,Elementary School,N,True,48113021000,45344,0.3457,98,165,206,246,266,217,182,189,168,148,85,2016,2026,98,85,-13,-13.3,2020,266,-181,-96.805859,32.750805
057905075,GEORGE BANNERMAN DEALEY INTERNATIONAL ACADEMY,,,,False,48113013300,250001,0.3809,182,181,170,,,,,,,,,2016,2018,182,170,-12,-6.6,2016,182,-12,-96.792238,32.895562
057905153,VICTOR H HEXTER EL,PK-05,Elementary School,N,True,48113012900,144375,0.4506,547,588,560,557,527,474,447,441,484,481,536,2016,2026,547,536,-11,-2.0,2017,588,-52,-96.709471,32.849701
057905240,FRANK GUZICK EL,EE-05,Elementary School,N,True,48113012207,55520,0.3603,693,693,658,656,694,614,624,636,605,680,682,2016,2026,693,682,-11,-1.6,2020,694,-12,-96.692068,32.784698
057905356,IRMA RANGEL YOUNG WOMENS LEADERSHIP MIDDLE,,,,False,48113020300,47372,0.3123,287,269,276,,,,,,,,,2016,2018,287,276,-11,-3.8,2016,287,-11,-96.760439,32.774035
057905096,JUVENILE JUSTICE AEP,KG-12,Elementary/Secondary,N,False,48113020500,32907,0.3696,12,16,11,10,12,7,1,21,8,5,,2016,2025,12,5,-7,-58.3,2023,21,-16,-96.868992,32.771583
057905207,SAN JACINTO EL,PK-05,Elementary School,N,True,48113009101,61011,0.3752,469,478,482,470,461,385,413,411,429,437,465,2016,2026,469,465,-4,-0.9,2018,482,-17,-96.685874,32.757692
057905230,HARRY C WITHERS EL,PK-06,Elementary School,N,True,48113009609,190670,0.5986,455,433,420,434,477,438,424,427,416,447,451,2016,2026,455,451,-4,-0.9,2020,477,-26,-96.845756,32.902637
057905213,T G TERRY EL,PK-05,Elementary School,N,True,48113011103,39186,0.3601,373,415,423,390,346,319,283,292,315,352,373,2016,2026,373,373,0,0.0,2018,423,-50,-96.829658,32.665852
057905290,ROY P BENAVIDEZ EL,KG-07,Elementary School,N,False,48113007822,83288,0.3909,,,,,,,,,,,,,,,,,,,,,-96.768441,32.87655
057905288,ROSEMONT PRI SCHOOL-CHRIS V SEMOS CAMPUS,,,,False,48113004202,120208,0.3786,646,,,,,,,,,,,2016,2016,646,646,0,0.0,2016,646,0,-96.850102,32.752291
057905392,RESERVED FOR FUTURE USE,09-12,High School,N,False,48113008701,23938,0.3296,,,,,,,,,,,,,,,,,,,,,-96.765596,32.692493
057905316,STONE HOTCHKISS AREA,KG-05,Elementary School,N,False,48113007822,83288,0.3909,,,,0,,,,,,,,2019,2019,0,0,0,,2019,0,0,-96.768441,32.87655
057905313,OAK CLIFF TRANSFORMATION SCHOOL,KG-05,Elementary School,N,False,48113007822,83288,0.3909,,,,0,,,,,,,,2019,2019,0,0,0,,2019,0,0,-96.768441,32.87655
057905317,INTERNATIONAL STEAM SCHOOL,09,High School,N,False,48113013628,81794,0.4201,,,,0,,,,,,,,2019,2019,0,0,0,,2019,0,0,-96.814949,32.92821
057905309,BARACK OBAMA EL MALE LEADERSHIP ACADEMY,KG-05,Elementary School,N,False,48113008701,23938,0.3296,,,,0,,,,,,,,2019,2019,0,0,0,,2019,0,0,-96.765596,32.692493
057905308,TBD EARLY CHILDHOOD CENTER,PK,Elementary School,N,False,48113007822,83288,0.3909,,,,,0,,,,,,,2020,2020,0,0,0,,2020,0,0,-96.768441,32.87655
057905553,MI ESCUELITA-GOOD SHEPHERD,,,,False,48113010601,65769,0.4149,,,,,40,,,,,,,2020,2020,40,40,0,0.0,2020,40,0,-96.90253,32.782622
057905561,CHILDCAREGROUP-MARTIN LUTHER KING,,,,False,48113020300,47372,0.3123,,,,,65,,,,,,,2020,2020,65,65,0,0.0,2020,65,0,-96.766367,32.770066
057905569,BRYAN'S HOUSE,,,,False,48113010500,56904,0.3448,,,,,21,,,,,,,2020,2020,21,21,0,0.0,2020,21,0,-96.880384,32.769275
057905562,CHILDCAREGROUP-WEST DALLAS,,,,False,48113010602,36910,0.4016,,,,,23,,,,,,,2020,2020,23,23,0,0.0,2020,23,0,-96.912424,32.776647
057905565,GOOD STREET LEARNING CENTER,,,,False,48113020800,35577,0.3222,,,,,28,,,,,,,2020,2020,28,28,0,0.0,2020,28,0,-96.748499,32.759271
057905566,HEAVENLY LEARNING CENTER,,,,False,48113013005,134519,0.464,,,,,25,,,,,,,2020,2020,25,25,0,0.0,2020,25,0,-96.701101,32.878104
057905550,MI ESCUELITA-CASA VIEW,,,,False,48113012604,49922,0.3649,,,,,32,,,,,,,2020,2020,32,32,0,0.0,2020,32,0,-96.652843,32.852
057905551,MI ESCUELITA-COCKRELL HILL,,,,False,48113019900,53788,0.433,,,,,96,,,,,,,2020,2020,96,96,0,0.0,2020,96,0,-96.886774,32.735365
057905560,CHILDCAREGROUP-LANDAUER,,,,False,48113000801,74670,0.3991,,,,,35,,,,,,,2020,2020,35,35,0,0.0,2020,35,0,-96.780832,32.805161
057905552,MI ESCUELITA-CROSSOVER,,,,False,48113000401,58232,0.3884,,,,,37,,,,,,,2020,2020,37,37,0,0.0,2020,37,0,-96.819215,32.808019
057905370,FOR FUTURE USE,PK-07,Elementary School,N,False,48113013725,55723,0.4124,,,,,,,,0,,,,2023,2023,0,0,0,,2023,0,0,-96.839331,32.959937
057905305,EBBY HALLIDAY EL,PK-06,Elementary School,N,True,48113017102,60017,0.3734,669,668,638,666,690,604,603,622,637,722,671,2016,2026,669,671,2,0.3,2025,722,-51,-96.645642,32.675405
057905186,TRINITY HEIGHTS GIFTED AND TALENTED SCHOOL,PK 01-08,Elementary School,N,True,48113021000,45344,0.3457,381,339,322,281,279,377,313,300,313,398,384,2016,2026,381,384,3,0.8,2025,398,-14,-96.802289,32.732648
057905241,ELEMENTARY' DISCIPLINARY ALTERNATIVE EDUCATION PRG,KG-05,Elementary School,N,False,48113005600,58058,0.3801,5,9,4,11,8,0,3,9,3,8,,2016,2025,5,8,3,60.0,2019,11,-3,-96.824027,32.704096
057905128,DR MARTIN LUTHER KING JR ARTS ACADEMY,PK-08,Elementary School,N,True,48113020900,32447,0.3256,493,475,439,418,449,367,426,452,468,499,498,2016,2026,493,498,5,1.0,2025,499,-1,-96.772734,32.76084
057905022,WOODROW WILSON H S,09-12,High School,N,True,48113001301,93398,0.4146,1734,1800,1865,1951,1915,1899,1897,1809,1791,1832,1740,2016,2026,1734,1740,6,0.3,2019,1951,-211,-96.750577,32.805631
057905382,INNOVATION DESIGN ENTREPRENEURSHIP ACADEMY,09-12,High School,N,True,48113001503,50662,0.3708,111,214,263,318,286,254,219,201,181,149,118,2016,2026,111,118,7,6.3,2019,318,-200,-96.776197,32.805671
057905139,PAUL L DUNBAR LEARNING CENTER,PK-05,Elementary School,N,True,48113002703,29124,0.2836,586,606,570,487,514,458,499,531,606,608,596,2016,2026,586,596,10,1.7,2025,608,-12,-96.749203,32.77488
057905072,DR FREDERICK DOUGLASS TODD SR MIDDLE,06-08,Middle School,N,True,48113008704,17442,0.3277,428,452,417,396,439,396,432,423,393,427,438,2016,2026,428,438,10,2.3,2017,452,-14,-96.781877,32.690759
057905142,J N ERVIN EL,PK-05,Elementary School,N,True,48113011401,36888,0.323,642,649,603,568,640,631,634,646,693,743,659,2016,2026,642,659,17,2.6,2025,743,-84,-96.762662,32.680236
057905157,HOGG NEW TECH CENTER,PK-05,Elementary School,N,True,48113004201,73234,0.4228,284,287,279,271,297,304,306,315,324,322,307,2016,2026,284,307,23,8.1,2024,324,-17,-96.825343,32.756611
057905071,DALLAS ENVIRONMENTAL SCIENCE ACADEMY,06-08,Middle School,Y,True,48113020500,32907,0.3696,402,429,443,460,465,474,439,427,418,431,425,2016,2026,402,425,23,5.7,2021,474,-49,-96.858527,32.781528
057905302,CALLIER CENTER PRE-SCHOOL DEAF (0-5),EE,Elementary School,N,True,48113010001,40299,0.3562,38,67,85,69,71,69,69,70,59,59,61,2016,2026,38,61,23,60.5,2018,85,-24,-96.846182,32.813872
057905372,WEST DALLAS J H,07-08,Junior High School,N,True,48113020500,32907,0.3696,,,,,,,,,317,353,341,2024,2026,317,341,24,7.6,2025,353,-12,-96.868534,32.777978
057905184,BEN MILAM EL,PK-05,Elementary School,N,True,48113000705,124250,0.3526,259,291,293,304,276,275,275,293,301,298,286,2016,2026,259,286,27,10.4,2019,304,-18,-96.790245,32.816301
057905208,SEAGOVILLE EL,EE-06,Elementary School,N,True,48113017006,59703,0.3964,685,683,701,707,700,597,589,607,600,733,712,2016,2026,685,712,27,3.9,2025,733,-21,-96.53973,32.641494
057905066,HARRY STONE MONTESSORI ACADEMY,,,,False,48113008704,17442,0.3277,198,184,230,,,,,,,,,2016,2018,198,230,32,16.2,2018,230,0,-96.783221,32.693459
057905289,FELIX G BOTELLO PERSONALIZED LEARNING EL,PK-05,Elementary School,N,True,48113004800,51406,0.3936,555,536,559,542,538,540,546,517,538,581,587,2016,2026,555,587,32,5.8,2026,587,0,-96.817323,32.745924
057905057,WILLIAM B TRAVIS ACAD/VANGRD FOR ACADEMICALLY TAG,,,,False,48113001801,83555,0.4758,278,297,312,,,,,,,,,2016,2018,278,312,34,12.2,2018,312,0,-96.801361,32.801719
057905011,BARBARA M MANNS MIDDLE DAEP,06-08,Middle School,N,True,48113005600,58058,0.3801,72,94,81,70,93,2,57,118,139,100,109,2016,2026,72,109,37,51.4,2024,139,-30,-96.824027,32.704096
057905204,ROSEMONT LOWER - CHRIS V SEMOS BUILDING,PK-02,Elementary School,N,True,48113004202,120208,0.3786,493,1070,1022,1005,968,830,824,758,455,457,531,2016,2026,493,531,38,7.7,2017,1070,-539,-96.850102,32.752291
057905265,ELADIO R MARTINEZ LEARNING CENTER,PK-06,Elementary School,N,True,48113010601,65769,0.4149,490,440,562,790,758,676,580,536,582,547,529,2016,2026,490,529,39,8.0,2019,790,-261,-96.893973,32.787292
057905090,DR WRIGHT L LASSITER JR EARLY COLLEGE H S,09-12,High School,N,True,48113003102,104844,0.3664,245,237,226,246,252,267,261,265,287,293,287,2016,2026,245,287,42,17.1,2025,293,-6,-96.805196,32.779807
057905009,LINCOLN HUMANITIES/COMMUNICATIONS MAGNET HIGH SCH,09-12,High School,Y,True,48113020800,35577,0.3222,546,545,630,645,679,689,665,700,661,580,590,2016,2026,546,590,44,8.1,2023,700,-110,-96.750313,32.754724
057905173,JESUS MOROLES EXPRESSIVE ARTS VANGUARD,PK-08,Elementary School,Y,True,48113004300,74557,0.4044,558,550,567,626,708,700,637,627,600,633,606,2016,2026,558,606,48,8.6,2020,708,-102,-96.843639,32.768854
057905148,TOM C GOOCH EL,EE-06,Elementary School,N,True,48113009608,123958,0.419,316,365,428,433,406,354,369,373,355,374,370,2016,2026,316,370,54,17.1,2019,433,-63,-96.845045,32.916998
057905074,THOMAS A EDISON MIDDLE LEARNING CENTER,,,,False,48113020500,32907,0.3696,500,508,554,,,,,,,,,2016,2018,500,554,54,10.8,2018,554,0,-96.868532,32.77838
057905244,SEAGOVILLE NORTH EL,PK-05,Elementary School,N,True,48113017007,56422,0.4026,742,721,775,775,778,708,758,767,782,774,799,2016,2026,742,799,57,7.7,2026,799,0,-96.55776,32.658057
057905383,CITYLAB H S,09-12,High School,N,True,48113020402,93842,0.3844,,,80,147,203,271,252,220,191,150,138,2018,2026,80,138,58,72.5,2021,271,-133,-96.793379,32.775305
057905340,DALLAS HYBRID PREPARATORY AT STEPHEN J HAY,03-08,Elementary School,N,True,48113000607,115972,0.3942,,,,,,,68,129,148,111,131,2022,2026,68,131,63,92.6,2024,148,-17,-96.809723,32.820923
057905279,JERRY R JUNKINS EL,PK-06,Elementary School,N,True,48113013721,117951,0.4677,667,658,676,645,622,557,571,566,577,702,731,2016,2026,667,731,64,9.6,2026,731,0,-96.85712,32.974083
057905028,EMMETT J CONRAD H S,09-12,High School,N,True,48113007821,44592,0.3502,1164,1270,1307,1290,1349,1274,1311,1280,1275,1321,1229,2016,2026,1164,1229,65,5.6,2020,1349,-120,-96.751766,32.876545
057905088,TRINIDAD GARZA EARLY COLLEGE AT MT VIEW,09-12,High School,N,True,48113010704,42530,0.392,426,425,432,438,450,449,429,438,456,474,492,2016,2026,426,492,66,15.5,2026,492,0,-96.903585,32.726368
057905389,JOHN LESLIE PATTON JR ACADEMIC CENTER,,,,False,48113005600,58058,0.3801,139,135,210,210,,,,,,,,2016,2019,139,210,71,51.1,2018,210,0,-96.824027,32.704096
057905034,BOOKER T WASHINGTON SPVA MAGNET,09-12,High School,Y,True,48113001705,119342,0.3289,903,929,1002,999,992,999,949,950,963,970,977,2016,2026,903,977,74,8.2,2018,1002,-25,-96.796603,32.791292
057905300,ARLINGTON PARK EARLY CHILDHOOD CENTER,PK,Elementary School,N,True,48113010001,40299,0.3562,,,0,101,103,70,83,74,82,77,74,2018,2026,0,74,74,,2020,103,-29,-96.852195,32.815424
057905388,DR FREDERICK HAYNES III GLOBAL PREP AT PAUL QUINN,06-10,Elementary/Secondary,N,True,48113011401,36888,0.323,,,,,,,87,174,234,232,173,2022,2026,87,173,86,98.9,2024,234,-61,-96.755877,32.678992
057905304,GEORGE HERBERT WALKER BUSH EL,EE-06,Elementary School,N,True,48113013726,87898,0.3985,687,673,670,695,719,612,656,624,688,834,774,2016,2026,687,774,87,12.7,2025,834,-60,-96.848387,32.940672
057905026,SCHOOL OF SCIENCE AND ENGINEERING,09-12,High School,Y,True,48113021000,45344,0.3457,413,418,428,497,492,513,501,490,495,505,501,2016,2026,413,501,88,21.3,2021,513,-12,-96.806882,32.752207
057905135,EVERETTE LEE DEGOLYER EL,PK-06,Elementary School,N,True,48113009607,135000,0.4999,358,368,365,378,399,370,363,360,370,413,455,2016,2026,358,455,97,27.1,2026,455,0,-96.861616,32.903604
057905073,HENRY W LONGFELLOW CAREER EXPLORATION ACADEMY,06-08,Middle School,Y,True,48113007101,181944,0.451,424,417,421,429,437,450,455,430,431,449,525,2016,2026,424,525,101,23.8,2026,525,0,-96.820266,32.848815
057905361,DOWNTOWN MONTESSORI AT IDA B WELLS ACADEMY,PK-06,Elementary School,Y,True,48113003103,76103,0.3664,,,,,,217,268,307,312,341,318,2021,2026,217,318,101,46.5,2025,341,-23,-96.795145,32.781666
057905038,JUDGE BAREFOOT SANDERS LAW MAGNET,09-12,High School,Y,True,48113021000,45344,0.3457,386,381,403,409,439,459,468,478,480,494,488,2016,2026,386,488,102,26.4,2025,494,-6,-96.806882,32.752207
057905141,JILL STONE EL AT VICKERY MEADOW,PK-05,Elementary School,N,True,48113007832,47500,0.368,368,365,347,335,301,243,399,393,407,474,470,2016,2026,368,470,102,27.7,2025,474,-4,-96.752226,32.868509
057905110,ANNIE WEBB BLANTON EL,EE-05,Elementary School,N,True,48113009002,48538,0.391,612,651,669,657,628,562,598,663,657,685,715,2016,2026,612,715,103,16.8,2026,715,0,-96.669226,32.751615
057905362,IGNITE MIDDLE AT JW RAY LEARNING CENTER,06-08,Middle School,N,False,48113001601,49750,0.386,,,,189,358,514,480,392,336,292,,2019,2025,189,292,103,54.5,2021,514,-222,-96.789337,32.801731
057905174,GENEVA HEIGHTS EL,EE-05,Elementary School,N,True,48113000202,147708,0.4537,357,318,348,401,434,464,514,341,299,380,462,2016,2026,357,462,105,29.4,2022,514,-52,-96.766317,32.824374
057905102,PREK PARTNERSHIP CENTER,PK,Elementary School,N,True,48113012210,46376,0.3448,991,1714,1912,2163,1260,1118,1185,1375,1338,1295,1099,2016,2026,991,1099,108,10.9,2019,2163,-1064,-96.686029,32.810325
057905126,CENTRAL EL,PK-05,Elementary School,N,True,48113017008,87670,0.4026,491,490,587,587,594,503,528,516,557,588,603,2016,2026,491,603,112,22.8,2026,603,0,-96.537453,32.657169
057905029,BARBARA M MANNS H S DAEP,09-12,High School,N,True,48113005600,58058,0.3801,96,96,125,107,122,12,141,237,236,148,212,2016,2026,96,212,116,120.8,2023,237,-25,-96.824027,32.704096
057905355,ALEX SANGER PREPARATORY MIDDLE,,,,False,48113008102,188125,0.453,60,108,180,,,,,,,,,2016,2018,60,180,120,200.0,2018,180,0,-96.709836,32.813316
057905013,FRANKLIN D ROOSEVELT H S OF INNOVATION,09-12,High School,Y,True,48113021100,26522,0.3451,623,653,712,727,704,690,741,748,677,720,761,2016,2026,623,761,138,22.2,2026,761,0,-96.795774,32.74151
057905363,SCHOOL FOR THE TALENTED & GIFTED IN PLEASANT GROVE,04-08,Middle School,N,True,48113011901,54906,0.3717,,,,208,301,390,385,383,382,385,372,2019,2026,208,372,164,78.8,2021,390,-18,-96.656354,32.748063
057905167,KLEBERG EL,PK-06,Elementary School,N,True,48113017101,50473,0.3904,643,689,735,696,775,683,821,816,795,870,810,2016,2026,643,810,167,26.0,2025,870,-60,-96.600552,32.684792
057905001,BRYAN ADAMS H S LEADERSHIP ACADEMY,09-12,High School,N,True,48113012400,77606,0.4221,1963,2040,2029,2166,2166,2215,2208,2271,2253,2208,2134,2016,2026,1963,2134,171,8.7,2023,2271,-137,-96.680084,32.826904
057905318,DR ELBA AND DOMINGO GARCIA WEST DALLAS STEM SCHOOL,PK-03,Elementary School,N,True,48113020500,32907,0.3696,,,,0,,,,373,106,124,174,2019,2026,0,174,174,,2023,373,-199,-96.858527,32.781528
057905360,D A HULCY STEAM MIDDLE,06-08,Middle School,N,True,48113016634,73287,0.3715,185,376,532,533,519,529,465,423,423,400,364,2016,2026,185,364,179,96.8,2019,533,-169,-96.841094,32.635436
057905212,HARRY STONE MONTESSORI ACADEMY,PK-08,Elementary School,Y,True,48113008704,17442,0.3277,337,339,351,638,676,663,600,538,524,505,523,2016,2026,337,523,186,55.2,2020,676,-153,-96.783221,32.693459
057905224,WALNUT HILL INTERNATIONAL LEADERSHIP ACADEMY,PK-08,Elementary School,N,True,48113009500,202857,0.5007,374,381,358,377,397,390,380,398,492,516,574,2016,2026,374,574,200,53.5,2026,574,0,-96.847464,32.8828
057905385,MONTESSORI ACADEMY AT ONESIMO HERNANDEZ EL,PK-08,Elementary School,N,True,48113000401,58232,0.3884,,,,176,229,284,333,353,353,346,376,2019,2026,176,376,200,113.6,2026,376,0,-96.836457,32.819933
057905386,SOLAR PREP FOR BOYS AT JOHN F KENNEDY,PK-08,Elementary School,N,True,48113000902,82773,0.3738,,,,220,305,340,397,427,452,449,423,2019,2026,220,423,203,92.3,2024,452,-29,-96.774279,32.809831
057905371,BIOMEDICAL PREPARATORY AT UT SOUTHWESTERN,PK-03,Elementary School,N,True,48113000409,69398,0.4233,,,,,,,,126,161,213,332,2023,2026,126,332,206,163.5,2026,332,0,-96.846503,32.825216
057905134,GEORGE B DEALEY MONTESSORI ACADEMY,PK-08,Elementary School,Y,True,48113013300,250001,0.3809,441,440,441,604,633,614,600,620,636,634,652,2016,2026,441,652,211,47.8,2026,652,0,-96.792238,32.895562
057905012,DR L G PINKSTON SR H S,09-12,High School,N,True,48113020500,32907,0.3696,961,978,906,1283,1347,1268,1339,1139,1224,1264,1174,2016,2026,961,1174,213,22.2,2020,1347,-173,-96.866398,32.786403
057905191,ELISHA M PEASE EL,PK-05,Elementary School,N,False,48113008704,17442,0.3277,607,503,482,517,480,465,510,817,828,,,2016,2024,607,828,221,36.4,2024,828,0,-96.773366,32.697939
057905016,SOUTH OAK CLIFF H S,09-12,High School,N,True,48113005902,37226,0.3347,1305,1287,1204,1073,1243,1421,1413,1513,1537,1560,1535,2016,2026,1305,1535,230,17.6,2025,1560,-25,-96.81522,32.699658
057905006,HILLCREST H S,09-12,High School,N,True,48113013102,163214,0.4964,1179,1097,1126,1201,1371,1488,1660,1610,1595,1572,1414,2016,2026,1179,1414,235,19.9,2022,1660,-246,-96.785569,32.883444
057905160,PERSONALIZED LEARNING PREPARATORY AT SAM HOUSTON,PK-05,Elementary School,N,True,48113000501,83842,0.3894,202,204,204,203,233,256,274,284,263,250,437,2016,2026,202,437,235,116.3,2026,437,0,-96.813207,32.810236
057905171,LAKEWOOD EL,KG-05,Elementary School,N,True,48113008000,250001,0.5063,838,881,924,942,1007,943,916,959,960,1067,1075,2016,2026,838,1075,237,28.3,2026,1075,0,-96.744013,32.826005
057905387,NORTH LAKE EARLY COLLEGE H S,09-12,High School,N,True,48113014314,96475,0.4211,,,,,74,136,204,249,283,291,311,2020,2026,74,311,237,320.3,2026,311,0,-96.967292,32.871249
057905384,SUDIE L WILLIAMS TALENTED AND GIFTED ACADEMY,04-08,Middle School,N,True,48113007302,242870,0.4139,,,,204,327,424,426,429,442,446,452,2019,2026,204,452,248,121.6,2026,452,0,-96.831448,32.855142
057905322,PRESTONWOOD MONTESSORI AT E D WALKER,PK-05,Elementary School,N,True,48113009604,47083,0.4378,,,,,,,194,291,351,410,455,2022,2026,194,455,261,134.5,2026,455,0,-96.810114,32.919871
057905206,ALEX SANGER PREPARATORY SCHOOL,PK-08,Elementary School,N,True,48113008102,188125,0.453,521,532,506,708,735,729,753,766,761,769,792,2016,2026,521,792,271,52.0,2026,792,0,-96.709836,32.813316
057905270,EDUARDO MATA MONTESSORI SCHOOL,PK-08,Elementary School,N,True,48113001202,73462,0.3689,414,497,542,612,645,678,725,721,736,720,704,2016,2026,414,704,290,70.0,2024,736,-32,-96.731805,32.806772
057905039,SCHOOL FOR THE TALENTED AND GIFTED,09-12,High School,Y,True,48113021000,45344,0.3457,256,261,276,359,409,464,502,534,546,555,553,2016,2026,256,553,297,116.0,2025,555,-2,-96.806882,32.752207
057905015,SEAGOVILLE H S,09-12,High School,Y,True,48113017010,73907,0.4179,1355,1390,1452,1514,1626,1643,1723,1779,1827,1786,1656,2016,2026,1355,1656,301,22.2,2024,1827,-171,-96.58369,32.677602
057905359,ROSEMONT UPPER,03-08,Elementary School,N,True,48113004202,120208,0.3786,195,191,196,200,183,170,156,145,445,459,512,2016,2026,195,512,317,162.6,2026,512,0,-96.846871,32.751706
057905035,IRMA RANGEL YOUNG WOMEN'S LEADERSHIP SCHOOL,06-12,Elementary/Secondary,Y,True,48113020300,47372,0.3123,281,271,244,549,554,597,592,599,610,604,617,2016,2026,281,617,336,119.6,2026,617,0,-96.760439,32.774035
057905381,BARACK OBAMA MALE LEADERSHIP ACAD AT A MACEO SMITH,06-12,Elementary/Secondary,Y,True,48113008701,23938,0.3296,152,187,167,461,458,498,460,499,541,554,497,2016,2026,152,497,345,227.0,2025,554,-57,-96.765596,32.692493
057905118,ALBERT C BLACK JR STEAM ACADEMY,PK-05,Elementary School,N,True,48113008703,36506,0.3278,477,484,488,423,397,362,342,,,828,832,2016,2026,477,832,355,74.4,2026,832,0,-96.773643,32.708044
057905217,WILLIAM B TRAVIS VANGUARD ACAD OF ACADEMICALLY TAG,04-08,Middle School,Y,True,48113001801,83555,0.4758,132,196,200,521,521,504,498,502,501,517,536,2016,2026,132,536,404,306.1,2026,536,0,-96.801361,32.801719
057905306,SOLAR PREPARATORY SCHOOL FOR GIRLS AT BONHAM,PK-08,Elementary School,N,True,48113000901,114699,0.3738,,194,294,460,561,617,672,743,722,703,687,2017,2026,194,687,493,254.1,2023,743,-56,-96.781348,32.816817
057905307,H S THOMPSON LEARNING CENTER,KG-05,Elementary School,N,True,48113020800,35577,0.3222,,,,0,,,500,498,483,545,511,2019,2026,0,511,511,,2025,545,-34,-96.752918,32.74558
057905312,EDDIE BERNICE JOHNSON STEM ACADEMY,PK-05,Elementary School,N,True,48113016903,58558,0.3985,,,,0,,354,455,502,539,554,580,2019,2026,0,580,580,,2026,580,0,-96.674144,32.591366
