geoid,mhi,mf_zoned_pct,zoned_acres
48085031704,85391,7.45,555.9
48085031706,250001,0.06,648.4
48085031708,90697,7.01,833.4
48085031709,123893,6.83,849.6
48085031711,105341,4.75,439.2
48085031713,44375,49.03,270.4
48085031715,132794,0.0,585.5
48085031716,94091,15.05,255.2
48085031717,76158,0.0,164.7
48085031718,116094,1.89,546.2
48085031719,96250,13.26,326.7
48085031720,32740,43.08,182.3
48085031721,120739,0.66,268.8
48085031722,58446,0.0,259.3
48085031723,55806,12.52,259.2
48085031724,79368,24.26,250.9
48085031812,113220,0.0,536.8
48113000100,198865,3.69,1261.2
48113000201,197614,0.64,617.0
48113000202,154259,3.71,561.0
48113000300,129485,6.57,637.1
48113000401,62447,1.08,709.1
48113000405,49931,0.0,154.1
48113000407,73293,0.0,180.9
48113000408,73658,0.0,163.4
48113000409,70566,2.4,1047.0
48113000410,50938,5.34,1259.2
48113000501,87604,0.0,113.9
48113000502,104155,0.0,329.9
48113000503,93851,0.0,81.2
48113000605,113554,0.0,190.8
48113000606,130672,0.0,367.1
48113000607,109861,0.0,164.0
48113000608,121875,0.0,191.2
48113000609,102772,0.33,218.2
48113000610,63125,0.0,137.3
48113000611,73717,0.0,148.8
48113000703,114149,0.0,190.0
48113000704,126458,0.0,122.2
48113000705,127596,0.0,163.8
48113000706,132188,0.0,126.6
48113000801,74375,61.1,275.8
48113000802,74821,33.9,231.2
48113000901,119649,21.63,192.0
48113000902,78165,51.18,148.1
48113001001,155921,7.39,225.2
48113001002,131875,10.46,284.7
48113001101,161467,31.09,453.8
48113001102,163229,10.18,305.6
48113001202,77083,5.44,1101.7
48113001203,139028,0.0,168.2
48113001204,55000,0.18,196.3
48113001301,103343,17.57,371.2
48113001302,66813,14.21,236.1
48113001400,62895,8.96,358.7
48113001502,48771,12.46,366.8
48113001503,71667,42.5,217.7
48113001504,66451,27.38,215.7
48113001601,62213,27.04,225.2
48113001602,132690,6.05,216.9
48113001703,115989,30.26,238.0
48113001705,104921,2.59,329.5
48113001801,88530,0.0,84.9
48113001802,117552,0.0,164.3
48113001901,144451,0.0,194.4
48113001902,117384,0.0,235.4
48113002001,65154,0.0,598.5
48113002002,44000,0.01,262.4
48113002100,102148,0.0,347.2
48113002200,80913,0.64,580.0
48113002400,58971,4.49,424.0
48113002500,51625,4.15,1507.6
48113002703,33674,0.44,1174.6
48113003102,136518,0.0,164.6
48113003103,64352,0.0,181.0
48113003700,59021,0.0,575.5
48113004201,103333,0.0,905.4
48113004202,183194,0.0,446.8
48113004300,73329,0.0,1607.6
48113004400,120083,8.26,739.1
48113004500,63568,0.0,697.6
48113004600,82107,1.97,251.0
48113004700,78582,1.97,335.9
48113004800,51332,7.21,590.1
48113005000,54984,0.56,495.9
48113005100,72440,0.27,348.5
48113005200,103073,0.0,520.7
48113005300,72481,0.08,734.3
48113005400,53000,2.41,927.3
48113005500,63750,5.23,945.7
48113005600,63867,1.1,856.1
48113005700,38508,1.05,993.6
48113005901,66103,0.0,1002.6
48113005902,42818,7.48,694.3
48113006001,54781,17.84,413.0
48113006002,43954,14.05,825.0
48113006100,63474,10.51,902.5
48113006200,49940,10.95,985.7
48113006301,60821,0.0,893.8
48113006302,73306,0.0,576.2
48113006401,72976,0.04,272.5
48113006402,49644,4.59,467.5
48113006501,91810,0.0,478.1
48113006502,62898,1.25,589.5
48113006702,48879,5.37,326.8
48113006800,61696,9.33,569.9
48113006900,50924,13.56,556.0
48113007101,189833,11.44,412.5
48113007102,82120,6.06,877.5
48113007203,44698,40.86,141.8
48113007204,63723,24.0,315.7
48113007205,43540,59.9,135.0
48113007206,49364,11.24,175.3
48113007301,250001,0.42,664.0
48113007302,243438,0.21,1293.6
48113007601,207813,0.0,961.4
48113007604,250001,0.0,923.1
48113007605,118500,1.64,894.5
48113007701,159464,20.75,254.2
48113007702,144219,7.97,671.6
48113007801,96835,0.0,868.8
48113007805,74716,0.0,947.7
48113007809,96529,5.19,727.4
48113007810,79531,0.21,808.2
48113007812,213846,0.0,999.8
48113007815,49618,23.73,445.1
48113007819,45885,34.46,243.0
48113007821,52370,22.95,475.3
48113007822,79439,6.44,546.7
48113007823,77932,4.51,566.2
48113007824,196406,0.0,411.9
48113007825,81106,11.17,626.2
48113007826,66276,41.57,208.4
48113007827,56740,74.44,181.0
48113007828,56812,16.05,394.5
48113007829,67075,0.0,634.2
48113007830,44172,80.94,54.2
48113007831,39776,99.7,70.7
48113007832,51320,67.82,83.5
48113007833,29618,67.1,128.1
48113007834,40369,58.47,172.1
48113007835,53930,45.74,201.3
48113007902,106435,2.09,1055.4
48113007903,146465,5.0,430.6
48113007906,156250,2.77,436.1
48113007909,72727,0.73,176.9
48113007910,70828,0.06,179.6
48113007912,83309,0.0,179.6
48113007913,75964,43.59,212.8
48113007914,73758,26.24,299.6
48113007915,68523,0.18,71.5
48113007916,104438,4.37,75.7
48113008000,250001,0.0,2774.3
48113008101,71750,9.17,730.2
48113008102,169423,0.12,1420.0
48113008200,84625,1.83,981.5
48113008401,66571,0.0,713.9
48113008402,73866,0.0,1494.2
48113008500,71417,1.41,940.7
48113008604,25774,24.69,438.3
48113008701,23152,12.89,1826.6
48113008703,39037,0.0,498.6
48113008704,20675,8.18,797.9
48113008705,50543,0.09,708.7
48113008801,43932,2.57,812.1
48113008802,34234,3.41,873.1
48113009001,61409,3.23,913.6
48113009002,51747,1.55,594.5
48113009101,61964,7.65,1189.0
48113009103,64946,6.98,434.0
48113009104,51250,0.0,426.2
48113009105,65098,0.0,488.5
48113009202,49516,1.97,972.0
48113009203,56453,4.09,511.4
48113009204,51466,0.08,576.8
48113009301,76494,0.22,952.6
48113009303,64417,0.0,1961.2
48113009304,32146,15.49,1028.1
48113009401,104547,0.97,555.3
48113009402,211944,0.0,582.1
48113009500,194219,0.0,959.2
48113009603,162714,0.0,1240.0
48113009604,51782,8.06,838.2
48113009605,62426,5.94,484.2
48113009607,132597,0.0,827.0
48113009608,126913,1.8,795.3
48113009609,188208,0.0,945.0
48113009610,56023,13.72,445.7
48113009611,86114,0.03,487.6
48113009701,73200,0.0,897.0
48113009702,180785,0.0,659.2
48113009802,72071,11.13,544.9
48113009803,90250,4.71,509.5
48113009804,49139,80.22,364.1
48113009900,82609,0.0,7758.8
48113010001,34063,0.0,2582.0
48113010003,83981,0.0,7943.8
48113010101,57847,1.6,947.6
48113010102,68397,0.0,627.9
48113010500,59115,0.0,1736.9
48113010601,63860,0.0,2409.4
48113010602,47024,4.53,1007.6
48113010701,46602,1.97,3625.3
48113010704,32347,6.73,1911.9
48113010804,32437,10.42,688.9
48113010805,35957,1.1,1065.7
48113010806,123203,0.05,1062.6
48113010807,53253,3.17,1040.9
48113010808,49173,26.28,340.7
48113010809,39523,9.32,686.5
48113010903,38047,9.31,983.1
48113010904,51193,3.79,2661.6
48113010905,32574,27.45,176.6
48113010906,52800,6.21,970.1
48113011002,83750,0.0,973.1
48113011003,67188,0.09,853.1
48113011004,62500,15.66,327.7
48113011101,69773,3.17,1725.5
48113011103,47130,0.0,744.3
48113011104,50737,12.52,681.5
48113011105,51726,14.42,532.8
48113011201,64679,5.95,1106.8
48113011202,59774,0.33,1362.1
48113011300,54595,2.51,2607.5
48113011401,39359,8.55,1488.6
48113011500,28559,1.19,5586.6
48113011601,49923,2.18,3572.3
48113011603,79167,0.0,1727.9
48113011604,66891,0.0,1770.3
48113011701,58109,0.98,1672.3
48113011702,56691,0.0,1258.6
48113011801,57321,4.42,532.5
48113011802,47477,2.12,857.4
48113011901,56726,0.18,733.9
48113011902,78717,9.39,497.3
48113012000,37472,11.36,900.4
48113012101,52244,36.14,289.6
48113012102,73333,0.05,730.2
48113012206,117361,2.38,923.5
48113012207,58231,7.23,1759.2
48113012208,32969,18.79,362.2
48113012209,120938,2.74,622.3
48113012210,52821,18.85,408.1
48113012211,37959,15.9,463.1
48113012212,74755,26.19,588.4
48113012213,111250,0.05,472.8
48113012301,60361,6.15,608.7
48113012302,45389,22.04,748.3
48113012400,81923,0.32,1068.9
48113012501,87486,0.0,435.8
48113012502,51563,0.0,602.0
48113012601,64306,7.11,748.1
48113012603,100833,0.0,325.6
48113012604,60470,19.99,852.3
48113012701,62723,1.76,978.7
48113012702,65127,0.0,422.1
48113012801,83887,0.0,550.7
48113012802,106630,1.9,1063.4
48113012900,134848,1.04,1998.1
48113013005,137633,0.06,702.4
48113013007,99509,4.38,555.3
48113013008,127354,3.58,634.6
48113013009,96042,11.43,615.1
48113013010,44198,21.21,460.6
48113013011,54286,29.71,345.3
48113013012,170208,2.44,483.0
48113013013,183036,0.01,969.8
48113013101,247722,2.84,921.3
48113013102,176354,0.0,486.2
48113013104,143333,14.02,189.7
48113013106,57143,23.02,150.9
48113013107,53446,67.2,170.6
48113013201,172878,0.0,975.1
48113013202,90851,1.52,1041.8
48113013300,250001,0.0,875.0
48113013400,250001,0.0,787.4
48113013500,250001,0.0,1046.2
48113013605,168194,0.0,988.3
48113013606,89412,11.49,822.4
48113013607,148611,1.5,740.8
48113013608,143854,4.35,1582.3
48113013609,94680,9.39,628.2
48113013610,91763,3.33,982.7
48113013611,141789,5.33,1412.3
48113013615,63071,13.83,421.0
48113013617,166230,4.76,640.8
48113013618,93194,8.41,499.9
48113013619,141389,1.93,1050.6
48113013620,85966,18.59,612.0
48113013621,67153,36.24,322.5
48113013624,67094,21.93,170.6
48113013625,68112,0.49,115.5
48113013626,80633,0.0,247.0
48113013629,54141,99.23,93.2
48113013630,68002,90.55,102.9
48113013631,52629,98.64,50.2
48113014157,98801,0.0,2372.7
48113015900,52178,0.64,2993.6
48113016511,76555,0.0,388.5
48113016521,54004,3.28,7085.5
48113016526,54191,1.2,502.7
48113016527,139636,0.0,3141.3
48113016528,93407,0.01,1713.3
48113016533,98209,5.06,4543.8
48113016534,61037,7.62,1559.4
48113016607,27037,13.82,394.7
48113016635,28367,20.79,707.3
48113016709,47011,0.0,5451.2
48113016710,64956,0.0,985.4
48113016711,59747,10.96,1067.6
48113017009,49538,0.0,844.3
48113017010,74960,0.91,1375.5
48113017101,53631,0.88,2980.3
48113017102,52429,1.03,7999.6
48113017605,70043,0.0,366.2
48113018137,76413,0.0,696.3
48113018141,43650,0.0,1576.2
48113018142,103797,0.0,2019.4
48113018505,38636,58.39,167.5
48113018506,45528,0.01,1780.6
48113018507,41080,77.05,161.5
48113018508,41211,73.88,80.2
48113019016,79133,7.18,404.1
48113019018,78750,21.47,518.3
48113019019,45560,17.84,603.5
48113019034,49231,15.6,631.7
48113019035,38125,27.56,371.8
48113019208,56209,17.11,438.5
48113019212,50077,65.07,98.6
48113019213,25042,24.0,227.3
48113020200,39091,1.14,8795.3
48113020300,47404,2.09,1303.2
48113020401,72551,0.0,491.5
48113020402,82389,0.0,1886.2
48113020500,34841,1.24,1953.6
48113020600,250001,0.0,1870.6
48113020800,44172,0.07,1272.6
48113020900,36370,0.0,1865.0
48113021000,27359,3.13,1533.9
48113021100,37717,3.78,3881.2
48121021616,64098,31.92,337.4
48121021634,50348,54.82,322.4
48121021635,64458,38.18,345.0
48121021637,60636,23.47,465.3
48121021638,63056,28.91,298.5
48121021641,51847,47.02,169.0
48121021642,59441,50.46,214.4
